start_node,end_node,type,section_id,segment_id,length,radius,radius_origin,endfeet_id,volume
0,1,1,0,0,8.6602545,3.3467557,3.3467557,-1,304.73938
1,2,1,1,0,8.6602545,3.4404945,3.4404945,211,322.04926
2,3,1,1,1,8.6602545,3.2861178,3.2861178,-1,293.7966
1,4,1,2,0,8.6602545,2.773345,2.773345,-1,209.26102
4,5,1,2,1,8.6602545,3.2770777,3.2770777,333,292.18237
1,6,1,3,0,8.6602545,3.1939576,3.1939576,-1,277.54846
1,7,1,4,0,8.6602545,2.8993154,2.8993154,-1,228.70279
1,8,1,5,0,8.6602545,2.7663867,2.7663867,-1,208.21228
1,9,1,6,0,8.6602545,3.056641,3.056641,217,254.19643
1,10,1,7,0,8.6602545,3.237668,3.237668,-1,285.19714
5,11,1,8,0,8.6602545,3.54993,3.54993,-1,342.8626
11,12,1,8,1,8.6602545,3.252708,3.252708,404,287.85294
5,13,1,9,0,8.6602545,3.52423,3.52423,-1,337.91623
13,14,1,9,1,8.6602545,3.0487986,3.0487986,44,252.89369
5,15,1,10,0,8.6602545,3.5317721,3.5317721,115,339.36407
15,16,1,10,1,8.6602545,3.4314666,3.4314666,387,320.36133
5,17,1,11,0,8.6602545,3.6792142,3.6792142,269,368.29065
17,18,1,11,1,8.6602545,3.5459428,3.5459428,292,342.09283
5,19,1,12,0,8.6602545,3.8981059,3.8981059,-1,413.4165
19,20,1,12,1,8.6602545,3.9099417,3.9099417,311,415.9308
5,21,1,13,0,8.6602545,3.9337301,3.9337301,39,421.00732
21,22,1,13,1,8.6602545,3.8322804,3.8322804,251,399.57205
5,23,1,14,0,8.6602545,3.373147,3.373147,379,309.56442
23,24,1,14,1,8.6602545,2.9470592,2.9470592,-1,236.29701
24,25,1,15,0,8.6602545,3.5412624,3.5412624,-1,341.19037
24,26,1,16,0,8.6602545,3.3363175,3.3363175,-1,302.84143
24,27,1,17,0,8.6602545,3.4422042,3.4422042,258,322.36942
24,28,1,18,0,8.6602545,3.2358444,3.2358444,135,284.87598
24,29,1,19,0,8.6602545,3.1684434,3.1684434,-1,273.13193
24,30,1,20,0,8.6602545,3.277254,3.277254,-1,292.21384
24,31,1,21,0,8.6602545,3.2073984,3.2073984,-1,279.88934
22,32,1,22,0,8.6602545,3.2911153,3.2911153,-1,294.6909
22,33,1,23,0,8.6602545,3.726832,3.726832,247,377.88544
22,34,1,24,0,8.6602545,3.3404922,3.3404922,-1,303.5998
22,35,1,25,0,8.6602545,3.8008294,3.8008294,408,393.0405
22,36,1,26,0,8.6602545,3.25964,3.25964,310,289.08118
22,37,1,27,0,8.6602545,3.6349506,3.6349506,278,359.48233
22,38,1,28,0,8.6602545,3.1986392,3.1986392,252,278.3627
20,39,1,29,0,8.6602545,3.536971,3.536971,304,340.36395
20,40,1,30,0,8.6602545,3.7763214,3.7763214,-1,387.98813
20,41,1,31,0,8.6602545,3.5135725,3.5135725,97,335.87552
20,42,1,32,0,8.6602545,3.3645854,3.3645854,-1,307.99496
20,43,1,33,0,8.6602545,3.4832835,3.4832835,400,330.10962
20,44,1,34,0,8.6602545,3.9120092,3.9120092,-1,416.37082
20,45,1,35,0,8.6602545,3.9676654,3.9676654,-1,428.3025
18,46,1,36,0,8.6602545,3.771732,3.771732,274,387.04565
18,47,1,37,0,8.6602545,3.708252,3.708252,367,374.12698
18,48,1,38,0,8.6602545,3.1841345,3.1841345,102,275.84387
18,49,1,39,0,8.6602545,3.1104538,3.1104538,267,263.22556
18,50,1,40,0,8.6602545,3.2474518,3.2474518,-1,286.9234
18,51,1,41,0,8.6602545,3.3065166,3.3065166,319,297.45547
18,52,1,42,0,8.6602545,3.565796,3.565796,-1,345.9342
16,53,1,43,0,8.6602545,3.7559285,3.7559285,331,383.80902
16,54,1,44,0,8.6602545,3.7504416,3.7504416,328,382.68845
16,55,1,45,0,8.6602545,3.1969612,3.1969612,-1,278.0707
16,56,1,46,0,8.6602545,3.5875456,3.5875456,-1,350.16714
16,57,1,47,0,8.6602545,3.7625647,3.7625647,-1,385.16647
16,58,1,48,0,8.6602545,3.3151042,3.3151042,348,299.00256
16,59,1,49,0,8.6602545,3.7080698,3.7080698,29,374.0902
14,60,1,50,0,8.6602545,2.8437612,2.8437612,-1,220.02234
14,61,1,51,0,8.6602545,3.002772,3.002772,-1,245.31567
14,62,1,52,0,8.6602545,3.0814443,3.0814443,-1,258.3385
14,63,1,53,0,8.6602545,2.77991,2.77991,88,210.25293
14,64,1,54,0,8.6602545,3.0527487,3.0527487,-1,253.54944
14,65,1,55,0,8.6602545,2.8320909,2.8320909,83,218.22018
14,66,1,56,0,8.6602545,3.1316829,3.1316829,-1,266.83087
12,67,1,57,0,8.6602545,3.1026673,3.1026673,-1,261.90933
12,68,1,58,0,8.6602545,3.4968817,3.4968817,-1,332.69208
12,69,1,59,0,8.6602545,3.0867085,3.0867085,366,259.222
12,70,1,60,0,8.6602545,3.1544552,3.1544552,-1,270.72556
12,71,1,61,0,8.6602545,3.064764,3.064764,-1,255.54924
12,72,1,62,0,8.6602545,3.0692306,3.0692306,4,256.29468
12,73,1,63,0,8.6602545,3.300873,3.300873,-1,296.44092
3,74,1,64,0,8.6602545,3.3218098,3.3218098,-1,300.21338
74,75,1,64,1,8.6602545,3.616815,3.616815,-1,355.90424
3,76,1,65,0,8.6602545,2.7279902,2.7279902,360,202.47255
76,77,1,65,1,8.6602545,3.1755085,3.1755085,-1,274.35138
3,78,1,66,0,8.6602545,3.0714498,3.0714498,-1,256.66544
78,79,1,66,1,8.6602545,3.0964565,3.0964565,-1,260.86182
3,80,1,67,0,8.6602545,2.6586926,2.6586926,-1,192.31662
80,81,1,67,1,8.6602545,2.7253647,2.7253647,167,202.08301
3,82,1,68,0,8.6602545,3.0670066,3.0670066,-1,255.92337
82,83,1,68,1,8.6602545,3.3489673,3.3489673,-1,305.14224
3,84,1,69,0,8.6602545,3.199306,3.199306,-1,278.47876
84,85,1,69,1,8.6602545,3.3441691,3.3441691,-1,304.2685
3,86,1,70,0,8.6602545,3.092195,3.092195,363,260.1443
86,87,1,70,1,8.6602545,3.6602933,3.6602933,-1,364.51242
87,88,1,71,0,8.6602545,3.216558,3.216558,11,281.4902
88,89,1,71,1,8.6602545,3.1695375,3.1695375,-1,273.3206
87,90,1,72,0,8.6602545,3.8103862,3.8103862,-1,395.0195
87,91,1,73,0,8.6602545,3.301758,3.301758,-1,296.59995
87,92,1,74,0,8.6602545,3.7450643,3.7450643,317,381.59186
87,93,1,75,0,8.6602545,3.7529564,3.7529564,-1,383.20184
87,94,1,76,0,8.6602545,3.842185,3.842185,368,401.6401
87,95,1,77,0,8.6602545,3.2335906,3.2335906,-1,284.47925
89,96,1,78,0,8.6602545,3.621409,3.621409,350,356.8089
96,97,1,78,1,8.6602545,3.361,3.361,-1,307.33896
89,98,1,79,0,8.6602545,3.2248056,3.2248056,-1,282.9356
98,99,1,79,1,8.6602545,3.1601949,3.1601949,284,271.71164
89,100,1,80,0,8.6602545,3.738298,3.738298,381,380.21423
100,101,1,80,1,8.6602545,3.8249545,3.8249545,-1,398.04584
89,102,1,81,0,8.6602545,3.678207,3.678207,-1,368.08902
102,103,1,81,1,8.6602545,3.1882458,3.1882458,334,276.55667
89,104,1,82,0,8.6602545,3.3109894,3.3109894,300,298.26074
104,105,1,82,1,8.6602545,3.4004686,3.4004686,-1,314.59952
89,106,1,83,0,8.6602545,3.3828506,3.3828506,340,311.34808
106,107,1,83,1,8.6602545,3.0916715,3.0916715,3,260.0562
89,108,1,84,0,8.6602545,3.7944188,3.7944188,-1,391.7158
108,109,1,84,1,8.6602545,3.42347,3.42347,-1,318.86996
109,110,1,85,0,8.6602545,3.0397787,3.0397787,-1,251.39954
109,111,1,86,0,8.6602545,2.995485,2.995485,-1,244.12646
109,112,1,87,0,8.6602545,2.761847,2.761847,231,207.52946
109,113,1,88,0,8.6602545,2.8671036,2.8671036,168,223.64915
109,114,1,89,0,8.6602545,2.9068425,2.9068425,-1,229.89182
109,115,1,90,0,8.6602545,2.8665786,2.8665786,-1,223.56728
109,116,1,91,0,8.6602545,3.2950382,3.2950382,285,295.39386
107,117,1,92,0,8.6602545,3.1287384,3.1287384,345,266.32938
107,118,1,93,0,8.6602545,3.2665873,3.2665873,351,290.31473
107,119,1,94,0,8.6602545,3.2179415,3.2179415,-1,281.73242
107,120,1,95,0,8.6602545,3.5397623,3.5397623,341,340.90137
107,121,1,96,0,8.6602545,3.3189976,3.3189976,-1,299.7053
107,122,1,97,0,8.6602545,3.3636794,3.3636794,6,307.82916
107,123,1,98,0,8.6602545,3.533937,3.533937,182,339.78024
105,124,1,99,0,8.6602545,3.4088063,3.4088063,190,316.1442
105,125,1,100,0,8.6602545,3.3738713,3.3738713,322,309.69742
105,126,1,101,0,8.6602545,3.6267319,3.6267319,-1,357.85858
105,127,1,102,0,8.6602545,3.3829052,3.3829052,346,311.35812
105,128,1,103,0,8.6602545,3.5444174,3.5444174,291,341.79858
105,129,1,104,0,8.6602545,3.8150105,3.8150105,86,395.97885
105,130,1,105,0,8.6602545,3.3621783,3.3621783,175,307.55444
103,131,1,106,0,8.6602545,2.8314183,2.8314183,221,218.11655
103,132,1,107,0,8.6602545,3.138918,3.138918,-1,268.06522
103,133,1,108,0,8.6602545,2.884195,2.884195,-1,226.32358
103,134,1,109,0,8.6602545,2.9064958,2.9064958,-1,229.83699
103,135,1,110,0,8.6602545,2.7828836,2.7828836,244,210.70296
103,136,1,111,0,8.6602545,2.8679454,2.8679454,-1,223.78053
103,137,1,112,0,8.6602545,3.3211603,3.3211603,-1,300.096
101,138,1,113,0,8.6602545,3.5528874,3.5528874,-1,343.4341
101,139,1,114,0,8.6602545,3.287256,3.287256,89,294.00018
101,140,1,115,0,8.6602545,3.8245268,3.8245268,-1,397.95685
101,141,1,116,0,8.6602545,3.6177983,3.6177983,-1,356.09775
101,142,1,117,0,8.6602545,3.741509,3.741509,-1,380.86768
101,143,1,118,0,8.6602545,3.7150543,3.7150543,316,375.5008
101,144,1,119,0,8.6602545,3.9127145,3.9127145,208,416.52097
99,145,1,120,0,8.6602545,3.1588926,3.1588926,-1,271.48776
99,146,1,121,0,8.6602545,3.0556867,3.0556867,-1,254.0377
99,147,1,122,0,8.6602545,3.273416,3.273416,198,291.5298
99,148,1,123,0,8.6602545,3.481977,3.481977,199,329.86203
99,149,1,124,0,8.6602545,3.4002428,3.4002428,-1,314.55774
99,150,1,125,0,8.6602545,3.5547042,3.5547042,323,343.78543
99,151,1,126,0,8.6602545,3.6500556,3.6500556,204,362.47623
97,152,1,127,0,8.6602545,3.1335063,3.1335063,223,267.1417
97,153,1,128,0,8.6602545,2.9474726,2.9474726,235,236.36331
97,154,1,129,0,8.6602545,3.4431074,3.4431074,361,322.53857
97,155,1,130,0,8.6602545,3.374518,3.374518,297,309.81613
97,156,1,131,0,8.6602545,3.1459982,3.1459982,-1,269.27588
97,157,1,132,0,8.6602545,3.2283144,3.2283144,81,283.55167
97,158,1,133,0,8.6602545,3.3383775,3.3383775,272,303.2155
85,159,1,134,0,8.6602545,3.3763208,3.3763208,-1,310.14728
159,160,1,134,1,8.6602545,3.8325071,3.8325071,391,399.61932
85,161,1,135,0,8.6602545,2.9891124,2.9891124,288,243.08884
85,162,1,136,0,8.6602545,2.7264667,2.7264667,66,202.24646
85,163,1,137,0,8.6602545,3.3574924,3.3574924,237,306.69778
85,164,1,138,0,8.6602545,2.8398147,2.8398147,-1,219.41208
85,165,1,139,0,8.6602545,2.8767924,2.8767924,-1,225.16328
85,166,1,140,0,8.6602545,2.9151325,2.9151325,-1,231.20494
160,167,1,141,0,8.6602545,3.6014202,3.6014202,40,352.8809
167,168,1,141,1,8.6602545,3.0202317,3.0202317,399,248.17674
160,169,1,142,0,8.6602545,3.5220375,3.5220375,-1,337.49588
169,170,1,142,1,8.6602545,3.3974273,3.3974273,-1,314.03705
160,171,1,143,0,8.6602545,3.627009,3.627009,125,357.91324
171,172,1,143,1,8.6602545,3.5628996,3.5628996,270,345.37247
160,173,1,144,0,8.6602545,3.501478,3.501478,-1,333.5672
173,174,1,144,1,8.6602545,3.1013982,3.1013982,-1,261.69513
160,175,1,145,0,8.6602545,3.596266,3.596266,-1,351.87155
175,176,1,145,1,8.6602545,3.0640345,3.0640345,303,255.42761
160,177,1,146,0,8.6602545,3.492571,3.492571,-1,331.87234
177,178,1,146,1,8.6602545,2.8867702,2.8867702,-1,226.7279
160,179,1,147,0,8.6602545,3.480223,3.480223,-1,329.5298
179,180,1,147,1,8.6602545,3.3618069,3.3618069,382,307.4865
180,181,1,148,0,8.6602545,3.1476686,3.1476686,283,269.56192
180,182,1,149,0,8.6602545,3.3566768,3.3566768,-1,306.5488
180,183,1,150,0,8.6602545,3.3431165,3.3431165,-1,304.077
180,184,1,151,0,8.6602545,3.4875762,3.4875762,181,330.92377
180,185,1,152,0,8.6602545,3.5624373,3.5624373,-1,345.28287
180,186,1,153,0,8.6602545,3.6920772,3.6920772,-1,370.8703
180,187,1,154,0,8.6602545,3.4343781,3.4343781,191,320.9052
178,188,1,155,0,8.6602545,3.2741618,3.2741618,77,291.66266
178,189,1,156,0,8.6602545,2.7637103,2.7637103,356,207.80959
178,190,1,157,0,8.6602545,3.142438,3.142438,321,268.66678
178,191,1,158,0,8.6602545,2.5741253,2.5741253,286,180.27682
178,192,1,159,0,8.6602545,2.76475,2.76475,266,207.96597
178,193,1,160,0,8.6602545,3.1358953,3.1358953,-1,267.5492
178,194,1,161,0,8.6602545,2.973322,2.973322,-1,240.52731
176,195,1,162,0,8.6602545,3.3555098,3.3555098,245,306.33566
176,196,1,163,0,8.6602545,3.1627264,3.1627264,335,272.14713
176,197,1,164,0,8.6602545,2.8633206,2.8633206,-1,223.05937
176,198,1,165,0,8.6602545,3.2243881,3.2243881,186,282.86237
176,199,1,166,0,8.6602545,2.7100127,2.7100127,-1,199.81274
176,200,1,167,0,8.6602545,3.3787198,3.3787198,-1,310.58817
176,201,1,168,0,8.6602545,2.684603,2.684603,189,196.08333
174,202,1,169,0,8.6602545,3.5139337,3.5139337,67,335.94458
174,203,1,170,0,8.6602545,3.0769293,3.0769293,180,257.58203
174,204,1,171,0,8.6602545,3.2312486,3.2312486,370,284.06732
174,205,1,172,0,8.6602545,2.8273177,2.8273177,-1,217.48521
174,206,1,173,0,8.6602545,3.087184,3.087184,55,259.30182
174,207,1,174,0,8.6602545,3.321666,3.321666,114,300.1874
174,208,1,175,0,8.6602545,2.9588451,2.9588451,220,238.19081
172,209,1,176,0,8.6602545,3.853428,3.853428,-1,403.99408
172,210,1,177,0,8.6602545,3.1169572,3.1169572,-1,264.3274
172,211,1,178,0,8.6602545,3.224849,3.224849,-1,282.9432
172,212,1,179,0,8.6602545,3.7000947,3.7000947,-1,372.4828
172,213,1,180,0,8.6602545,3.7196069,3.7196069,-1,376.42166
172,214,1,181,0,8.6602545,3.6926966,3.6926966,-1,370.99478
172,215,1,182,0,8.6602545,3.5185106,3.5185106,8,336.8203
170,216,1,183,0,8.6602545,3.6948125,3.6948125,-1,371.42007
170,217,1,184,0,8.6602545,3.3179119,3.3179119,76,299.50925
170,218,1,185,0,8.6602545,3.2562518,3.2562518,371,288.48053
170,219,1,186,0,8.6602545,3.1016774,3.1016774,-1,261.74222
170,220,1,187,0,8.6602545,3.671238,3.671238,365,366.69553
170,221,1,188,0,8.6602545,3.3400102,3.3400102,-1,303.51218
170,222,1,189,0,8.6602545,3.483923,3.483923,-1,330.23083
168,223,1,190,0,8.6602545,3.1433644,3.1433644,383,268.82523
168,224,1,191,0,8.6602545,2.954836,2.954836,-1,237.54575
168,225,1,192,0,8.6602545,3.27672,3.27672,172,292.1186
168,226,1,193,0,8.6602545,2.6250968,2.6250968,259,187.48701
168,227,1,194,0,8.6602545,2.7341776,2.7341776,230,203.39206
168,228,1,195,0,8.6602545,2.852568,2.852568,-1,221.38722
168,229,1,196,0,8.6602545,3.031804,3.031804,-1,250.08223
83,230,1,197,0,8.6602545,3.3645492,3.3645492,253,307.98834
230,231,1,197,1,8.6602545,3.5573812,3.5573812,142,344.3034
83,232,1,198,0,8.6602545,3.2473567,3.2473567,-1,286.9066
83,233,1,199,0,8.6602545,3.1727467,3.1727467,218,273.87433
83,234,1,200,0,8.6602545,3.034223,3.034223,154,250.48143
83,235,1,201,0,8.6602545,3.0916872,3.0916872,-1,260.05887
83,236,1,202,0,8.6602545,3.569855,3.569855,-1,346.72223
83,237,1,203,0,8.6602545,3.0814176,3.0814176,354,258.33405
231,238,1,204,0,8.6602545,3.1684363,3.1684363,-1,273.13068
238,239,1,204,1,8.6602545,3.1550622,3.1550622,-1,270.82974
231,240,1,205,0,8.6602545,3.2017531,3.2017531,-1,278.90497
240,241,1,205,1,8.6602545,3.3823977,3.3823977,119,311.2647
231,242,1,206,0,8.6602545,3.44985,3.44985,45,323.80307
242,243,1,206,1,8.6602545,3.5703552,3.5703552,130,346.8194
231,244,1,207,0,8.6602545,3.4063547,3.4063547,35,315.6896
244,245,1,207,1,8.6602545,3.292779,3.292779,-1,294.9889
231,246,1,208,0,8.6602545,3.7733855,3.7733855,302,387.3851
246,247,1,208,1,8.6602545,3.66089,3.66089,359,364.6313
231,248,1,209,0,8.6602545,3.2338328,3.2338328,-1,284.52188
248,249,1,209,1,8.6602545,2.7059197,2.7059197,-1,199.20964
231,250,1,210,0,8.6602545,3.625969,3.625969,-1,357.70804
250,251,1,210,1,8.6602545,3.82125,3.82125,-1,397.2752
251,252,1,211,0,8.6602545,3.5690095,3.5690095,72,346.558
251,253,1,212,0,8.6602545,3.449977,3.449977,406,323.8269
251,254,1,213,0,8.6602545,3.3475926,3.3475926,377,304.8918
251,255,1,214,0,8.6602545,3.2783027,3.2783027,-1,292.40085
251,256,1,215,0,8.6602545,3.267819,3.267819,289,290.5337
251,257,1,216,0,8.6602545,3.4525576,3.4525576,-1,324.31155
251,258,1,217,0,8.6602545,3.595285,3.595285,389,351.6796
249,259,1,218,0,8.6602545,2.7135906,2.7135906,148,200.3407
249,260,1,219,0,8.6602545,2.9794827,2.9794827,-1,241.52509
249,261,1,220,0,8.6602545,2.752879,2.752879,-1,206.1839
249,262,1,221,0,8.6602545,2.9586635,2.9586635,-1,238.16158
249,263,1,222,0,8.6602545,2.6529589,2.6529589,207,191.488
249,264,1,223,0,8.6602545,2.6453023,2.6453023,330,190.38431
249,265,1,224,0,8.6602545,2.8384726,2.8384726,-1,219.20473
247,266,1,225,0,8.6602545,3.4820168,3.4820168,-1,329.8696
247,267,1,226,0,8.6602545,3.301199,3.301199,-1,296.49948
247,268,1,227,0,8.6602545,3.4240162,3.4240162,396,318.9717
247,269,1,228,0,8.6602545,3.3174481,3.3174481,338,299.4255
247,270,1,229,0,8.6602545,3.549757,3.549757,68,342.8292
247,271,1,230,0,8.6602545,3.298181,3.298181,69,295.9576
247,272,1,231,0,8.6602545,3.3334851,3.3334851,355,302.32745
245,273,1,232,0,8.6602545,3.6153455,3.6153455,-1,355.61505
245,274,1,233,0,8.6602545,3.069933,3.069933,41,256.41196
245,275,1,234,0,8.6602545,3.5964375,3.5964375,-1,351.9051
245,276,1,235,0,8.6602545,2.9607778,2.9607778,-1,238.50208
245,277,1,236,0,8.6602545,3.4352918,3.4352918,260,321.07596
245,278,1,237,0,8.6602545,3.250867,3.250867,-1,287.5272
245,279,1,238,0,8.6602545,3.533499,3.533499,-1,339.696
243,280,1,239,0,8.6602545,3.3975966,3.3975966,279,314.06836
243,281,1,240,0,8.6602545,3.7060442,3.7060442,-1,373.68158
243,282,1,241,0,8.6602545,3.7230666,3.7230666,-1,377.12225
243,283,1,242,0,8.6602545,3.4307885,3.4307885,257,320.2347
243,284,1,243,0,8.6602545,3.4558103,3.4558103,261,324.9229
243,285,1,244,0,8.6602545,3.4434488,3.4434488,402,322.60257
243,286,1,245,0,8.6602545,3.6365829,3.6365829,-1,359.80527
241,287,1,246,0,8.6602545,3.6495829,3.6495829,-1,362.38232
241,288,1,247,0,8.6602545,3.3196788,3.3196788,296,299.82834
241,289,1,248,0,8.6602545,3.7757766,3.7757766,376,387.8762
241,290,1,249,0,8.6602545,3.7578454,3.7578454,-1,384.20087
241,291,1,250,0,8.6602545,3.366508,3.366508,-1,308.34708
241,292,1,251,0,8.6602545,3.9405646,3.9405646,-1,422.4715
241,293,1,252,0,8.6602545,3.7750406,3.7750406,-1,387.725
239,294,1,253,0,8.6602545,3.762842,3.762842,184,385.22324
239,295,1,254,0,8.6602545,3.2689626,3.2689626,-1,290.7371
239,296,1,255,0,8.6602545,3.7463188,3.7463188,73,381.84753
239,297,1,256,0,8.6602545,3.0969474,3.0969474,-1,260.94455
239,298,1,257,0,8.6602545,3.3858418,3.3858418,206,311.89893
239,299,1,258,0,8.6602545,3.1374538,3.1374538,-1,267.8152
239,300,1,259,0,8.6602545,3.04383,3.04383,-1,252.07008
81,301,1,260,0,8.6602545,3.3658848,3.3658848,-1,308.23294
301,302,1,260,1,8.6602545,3.7585614,3.7585614,405,384.3473
81,303,1,261,0,8.6602545,3.1918488,3.1918488,-1,277.1821
81,304,1,262,0,8.6602545,3.3209996,3.3209996,212,300.067
81,305,1,263,0,8.6602545,3.2228968,3.2228968,327,282.60077
81,306,1,264,0,8.6602545,3.2827606,3.2827606,-1,293.19662
81,307,1,265,0,8.6602545,2.6702023,2.6702023,-1,193.9853
81,308,1,266,0,8.6602545,2.8781397,2.8781397,-1,225.37427
302,309,1,267,0,8.6602545,3.377025,3.377025,15,310.2766
309,310,1,267,1,8.6602545,2.8695114,2.8695114,-1,224.02498
302,311,1,268,0,8.6602545,3.638042,3.638042,-1,360.09406
311,312,1,268,1,8.6602545,3.2932386,3.2932386,-1,295.0713
302,313,1,269,0,8.6602545,3.6373844,3.6373844,-1,359.9639
313,314,1,269,1,8.6602545,3.6543987,3.6543987,324,363.3393
302,315,1,270,0,8.6602545,3.0966642,3.0966642,-1,260.8968
315,316,1,270,1,8.6602545,3.0297298,3.0297298,43,249.74013
302,317,1,271,0,8.6602545,3.6418715,3.6418715,-1,360.85254
317,318,1,271,1,8.6602545,3.6810436,3.6810436,152,368.65698
302,319,1,272,0,8.6602545,3.088117,3.088117,-1,259.45856
319,320,1,272,1,8.6602545,3.126637,3.126637,-1,265.9717
302,321,1,273,0,8.6602545,3.2151475,3.2151475,312,281.2434
321,322,1,273,1,8.6602545,3.3194034,3.3194034,-1,299.7786
322,323,1,274,0,8.6602545,3.865583,3.865583,295,406.5468
322,324,1,275,0,8.6602545,3.7280896,3.7280896,-1,378.14053
322,325,1,276,0,8.6602545,3.267169,3.267169,385,290.41815
322,326,1,277,0,8.6602545,3.5569406,3.5569406,192,344.21814
322,327,1,278,0,8.6602545,3.4527516,3.4527516,-1,324.34796
322,328,1,279,0,8.6602545,3.25604,3.25604,-1,288.44302
322,329,1,280,0,8.6602545,3.2639804,3.2639804,-1,289.85156
320,330,1,281,0,8.6602545,3.1714654,3.1714654,-1,273.6532
320,331,1,282,0,8.6602545,3.734305,3.734305,138,379.4024
320,332,1,283,0,8.6602545,3.647284,3.647284,-1,361.92596
320,333,1,284,0,8.6602545,3.8253388,3.8253388,-1,398.12582
320,334,1,285,0,8.6602545,3.2999818,3.2999818,-1,296.28088
320,335,1,286,0,8.6602545,3.246953,3.246953,-1,286.83527
320,336,1,287,0,8.6602545,3.1705608,3.1705608,388,273.49707
318,337,1,288,0,8.6602545,3.0843053,3.0843053,-1,258.81848
318,338,1,289,0,8.6602545,3.476411,3.476411,236,328.80832
318,339,1,290,0,8.6602545,3.7844262,3.7844262,-1,389.6553
318,340,1,291,0,8.6602545,3.5605657,3.5605657,137,344.92014
318,341,1,292,0,8.6602545,3.6130667,3.6130667,374,355.1669
318,342,1,293,0,8.6602545,3.447741,3.447741,326,323.4073
318,343,1,294,0,8.6602545,3.5137587,3.5137587,-1,335.91113
316,344,1,295,0,8.6602545,3.4323075,3.4323075,85,320.51837
316,345,1,296,0,8.6602545,3.6795385,3.6795385,-1,368.35556
316,346,1,297,0,8.6602545,3.0914302,3.0914302,343,260.01562
316,347,1,298,0,8.6602545,3.518444,3.518444,-1,336.80756
316,348,1,299,0,8.6602545,3.4280558,3.4280558,140,319.72476
316,349,1,300,0,8.6602545,3.1100726,3.1100726,280,263.16104
316,350,1,301,0,8.6602545,2.975888,2.975888,336,240.94266
314,351,1,302,0,8.6602545,3.7193258,3.7193258,-1,376.36478
314,352,1,303,0,8.6602545,3.1662128,3.1662128,-1,272.74747
314,353,1,304,0,8.6602545,3.6731763,3.6731763,-1,367.08282
314,354,1,305,0,8.6602545,3.0664158,3.0664158,318,255.82478
314,355,1,306,0,8.6602545,3.3982253,3.3982253,-1,314.18457
314,356,1,307,0,8.6602545,3.5384817,3.5384817,-1,340.65475
314,357,1,308,0,8.6602545,3.1004684,3.1004684,378,261.5382
312,358,1,309,0,8.6602545,2.7627025,2.7627025,-1,207.65805
312,359,1,310,0,8.6602545,3.3255572,3.3255572,149,300.89114
312,360,1,311,0,8.6602545,3.4307685,3.4307685,-1,320.231
312,361,1,312,0,8.6602545,3.0298166,3.0298166,-1,249.75444
312,362,1,313,0,8.6602545,2.7252336,2.7252336,-1,202.06355
312,363,1,314,0,8.6602545,2.7815256,2.7815256,-1,210.49736
312,364,1,315,0,8.6602545,2.9796066,2.9796066,-1,241.5452
310,365,1,316,0,8.6602545,2.627978,2.627978,254,187.8988
310,366,1,317,0,8.6602545,2.5747626,2.5747626,-1,180.3661
310,367,1,318,0,8.6602545,2.9624708,2.9624708,50,238.7749
310,368,1,319,0,8.6602545,2.6702538,2.6702538,-1,193.9928
310,369,1,320,0,8.6602545,2.537592,2.537592,-1,175.19597
310,370,1,321,0,8.6602545,3.226471,3.226471,339,283.2279
310,371,1,322,0,8.6602545,2.9335113,2.9335113,-1,234.12944
79,372,1,323,0,8.6602545,2.7428122,2.7428122,-1,204.6787
372,373,1,323,1,8.6602545,3.0072093,3.0072093,275,246.0412
79,374,1,324,0,8.6602545,2.691175,2.691175,155,197.04454
79,375,1,325,0,8.6602545,2.726214,2.726214,250,202.20897
79,376,1,326,0,8.6602545,3.1259918,3.1259918,-1,265.86197
79,377,1,327,0,8.6602545,2.6860049,2.6860049,146,196.28816
79,378,1,328,0,8.6602545,3.0282116,3.0282116,-1,249.48993
79,379,1,329,0,8.6602545,2.9190028,2.9190028,94,231.81927
373,380,1,330,0,8.6602545,3.214798,3.214798,393,281.18225
380,381,1,330,1,8.6602545,3.115061,3.115061,-1,264.00595
373,382,1,331,0,8.6602545,3.3469968,3.3469968,-1,304.78326
382,383,1,331,1,8.6602545,3.3051286,3.3051286,-1,297.20578
373,384,1,332,0,8.6602545,2.9445524,2.9445524,-1,235.89522
384,385,1,332,1,8.6602545,3.0195227,3.0195227,173,248.06023
373,386,1,333,0,8.6602545,3.3729825,3.3729825,299,309.53427
386,387,1,333,1,8.6602545,3.5465512,3.5465512,165,342.21024
373,388,1,334,0,8.6602545,3.4695866,3.4695866,58,327.51865
388,389,1,334,1,8.6602545,3.3395858,3.3395858,-1,303.43506
373,390,1,335,0,8.6602545,3.1795688,3.1795688,60,275.05338
390,391,1,335,1,8.6602545,3.0580592,3.0580592,-1,254.43236
373,392,1,336,0,8.6602545,3.2582135,3.2582135,243,288.82822
392,393,1,336,1,8.6602545,2.9047575,2.9047575,347,229.56218
393,394,1,337,0,8.6602545,2.7296333,2.7296333,-1,202.71652
393,395,1,338,0,8.6602545,2.72865,2.72865,-1,202.57051
393,396,1,339,0,8.6602545,2.7817144,2.7817144,-1,210.52596
393,397,1,340,0,8.6602545,2.7508183,2.7508183,403,205.87532
393,398,1,341,0,8.6602545,2.9487262,2.9487262,240,236.56444
393,399,1,342,0,8.6602545,3.0274699,3.0274699,-1,249.3677
393,400,1,343,0,8.6602545,2.7163308,2.7163308,314,200.74551
391,401,1,344,0,8.6602545,3.275198,3.275198,246,291.8473
391,402,1,345,0,8.6602545,3.438901,3.438901,64,321.75098
391,403,1,346,0,8.6602545,3.2094917,3.2094917,195,280.2548
391,404,1,347,0,8.6602545,3.412591,3.412591,222,316.84656
391,405,1,348,0,8.6602545,3.2726579,3.2726579,-1,291.39478
391,406,1,349,0,8.6602545,2.7979674,2.7979674,-1,212.99326
391,407,1,350,0,8.6602545,3.1223364,3.1223364,123,265.24054
389,408,1,351,0,8.6602545,2.757965,2.757965,307,206.9465
389,409,1,352,0,8.6602545,3.277383,3.277383,-1,292.23682
389,410,1,353,0,8.6602545,3.3574846,3.3574846,-1,306.69635
389,411,1,354,0,8.6602545,3.2983494,3.2983494,151,295.98782
389,412,1,355,0,8.6602545,3.1224856,3.1224856,-1,265.2659
389,413,1,356,0,8.6602545,3.0817397,3.0817397,-1,258.38803
389,414,1,357,0,8.6602545,3.1502879,3.1502879,18,270.01074
387,415,1,358,0,8.6602545,3.497179,3.497179,205,332.7486
387,416,1,359,0,8.6602545,3.75991,3.75991,177,384.6232
387,417,1,360,0,8.6602545,3.5734558,3.5734558,398,347.42203
387,418,1,361,0,8.6602545,3.126357,3.126357,-1,265.9241
387,419,1,362,0,8.6602545,3.460601,3.460601,92,325.8244
387,420,1,363,0,8.6602545,3.5804334,3.5804334,226,348.78012
387,421,1,364,0,8.6602545,3.6432614,3.6432614,-1,361.12805
385,422,1,365,0,8.6602545,3.646037,3.646037,227,361.67853
385,423,1,366,0,8.6602545,3.0317101,3.0317101,-1,250.0667
385,424,1,367,0,8.6602545,3.0488772,3.0488772,-1,252.90675
385,425,1,368,0,8.6602545,3.5901947,3.5901947,-1,350.68445
385,426,1,369,0,8.6602545,3.1339111,3.1339111,-1,267.21072
385,427,1,370,0,8.6602545,3.4426584,3.4426584,395,322.4545
385,428,1,371,0,8.6602545,3.5557394,3.5557394,52,343.98572
383,429,1,372,0,8.6602545,2.9357374,2.9357374,-1,234.48494
383,430,1,373,0,8.6602545,3.276495,3.276495,-1,292.0785
383,431,1,374,0,8.6602545,2.9951077,2.9951077,-1,244.06496
383,432,1,375,0,8.6602545,3.4543514,3.4543514,373,324.64862
383,433,1,376,0,8.6602545,3.0715632,3.0715632,-1,256.6844
383,434,1,377,0,8.6602545,2.904982,2.904982,-1,229.59767
383,435,1,378,0,8.6602545,2.8890045,2.8890045,362,227.079
381,436,1,379,0,8.6602545,3.421063,3.421063,1,318.4217
381,437,1,380,0,8.6602545,3.2246165,3.2246165,-1,282.90244
381,438,1,381,0,8.6602545,3.0303035,3.0303035,256,249.83472
381,439,1,382,0,8.6602545,2.9141335,2.9141335,179,231.04651
381,440,1,383,0,8.6602545,3.078339,3.078339,-1,257.8181
381,441,1,384,0,8.6602545,3.1606061,3.1606061,-1,271.78238
381,442,1,385,0,8.6602545,2.8018205,2.8018205,384,213.58029
77,443,1,386,0,8.6602545,3.6831083,3.6831083,-1,369.07065
443,444,1,386,1,8.6602545,3.212139,3.212139,329,280.7173
77,445,1,387,0,8.6602545,3.6285708,3.6285708,-1,358.2216
77,446,1,388,0,8.6602545,3.6019387,3.6019387,-1,352.9825
77,447,1,389,0,8.6602545,3.413964,3.413964,357,317.1016
77,448,1,390,0,8.6602545,3.763534,3.763534,-1,385.36496
77,449,1,391,0,8.6602545,3.1343832,3.1343832,-1,267.29126
77,450,1,392,0,8.6602545,3.701078,3.701078,-1,372.6808
444,451,1,393,0,8.6602545,3.0525122,3.0525122,-1,253.51013
451,452,1,393,1,8.6602545,3.5136285,3.5136285,-1,335.88623
444,453,1,394,0,8.6602545,3.189393,3.189393,369,276.7557
453,454,1,394,1,8.6602545,3.1658645,3.1658645,-1,272.68747
444,455,1,395,0,8.6602545,3.1388988,3.1388988,51,268.06195
455,456,1,395,1,8.6602545,3.4693894,3.4693894,150,327.48138
444,457,1,396,0,8.6602545,2.7860188,2.7860188,-1,211.178
457,458,1,396,1,8.6602545,3.1408,3.1408,-1,268.38678
444,459,1,397,0,8.6602545,2.587442,2.587442,10,182.14688
459,460,1,397,1,8.6602545,2.787148,2.787148,248,211.3492
444,461,1,398,0,8.6602545,2.5556452,2.5556452,117,177.69765
461,462,1,398,1,8.6602545,2.551723,2.551723,108,177.15262
444,463,1,399,0,8.6602545,2.7606692,2.7606692,-1,207.35251
463,464,1,399,1,8.6602545,2.8769803,2.8769803,193,225.1927
464,465,1,400,0,8.6602545,3.012623,3.012623,-1,246.92789
464,466,1,401,0,8.6602545,2.8288827,2.8288827,-1,217.72604
464,467,1,402,0,8.6602545,2.9322753,2.9322753,7,233.93219
464,468,1,403,0,8.6602545,3.0123048,3.0123048,-1,246.87572
464,469,1,404,0,8.6602545,3.3205893,3.3205893,-1,299.99283
464,470,1,405,0,8.6602545,3.3879788,3.3879788,249,312.29276
464,471,1,406,0,8.6602545,3.060875,3.060875,315,254.90111
462,472,1,407,0,8.6602545,2.8524888,2.8524888,156,221.37491
462,473,1,408,0,8.6602545,3.0131454,3.0131454,233,247.01353
462,474,1,409,0,8.6602545,3.2613654,3.2613654,372,289.38727
462,475,1,410,0,8.6602545,2.6513088,2.6513088,392,191.24986
462,476,1,411,0,8.6602545,3.239855,3.239855,31,285.58258
462,477,1,412,0,8.6602545,2.612238,2.612238,305,185.65472
462,478,1,413,0,8.6602545,2.9120035,2.9120035,-1,230.7089
460,479,1,414,0,8.6602545,3.1125362,3.1125362,-1,263.57812
460,480,1,415,0,8.6602545,2.8391294,2.8391294,-1,219.3062
460,481,1,416,0,8.6602545,2.996142,2.996142,262,244.23355
460,482,1,417,0,8.6602545,2.9686604,2.9686604,-1,239.77371
460,483,1,418,0,8.6602545,3.0885446,3.0885446,-1,259.53043
460,484,1,419,0,8.6602545,3.4526703,3.4526703,-1,324.33273
460,485,1,420,0,8.6602545,2.8910265,2.8910265,122,227.39699
458,486,1,421,0,8.6602545,3.0416079,3.0416079,-1,251.70216
458,487,1,422,0,8.6602545,3.061626,3.061626,-1,255.0262
458,488,1,423,0,8.6602545,3.4304438,3.4304438,353,320.17038
458,489,1,424,0,8.6602545,3.4945166,3.4945166,200,332.2422
458,490,1,425,0,8.6602545,3.2780628,3.2780628,298,292.35806
458,491,1,426,0,8.6602545,3.367416,3.367416,-1,308.5134
458,492,1,427,0,8.6602545,3.069663,3.069663,17,256.3669
456,493,1,428,0,8.6602545,3.122459,3.122459,79,265.26138
456,494,1,429,0,8.6602545,3.3355463,3.3355463,-1,302.70142
456,495,1,430,0,8.6602545,3.2084959,3.2084959,-1,280.0809
456,496,1,431,0,8.6602545,3.56768,3.56768,-1,346.29987
456,497,1,432,0,8.6602545,3.026381,3.026381,390,249.18835
456,498,1,433,0,8.6602545,3.4091566,3.4091566,-1,316.20914
456,499,1,434,0,8.6602545,3.6136417,3.6136417,407,355.27997
454,500,1,435,0,8.6602545,2.607804,2.607804,-1,185.02501
454,501,1,436,0,8.6602545,2.8944664,2.8944664,-1,227.93843
454,502,1,437,0,8.6602545,2.7671123,2.7671123,-1,208.3215
454,503,1,438,0,8.6602545,2.9161472,2.9161472,111,231.36594
454,504,1,439,0,8.6602545,2.7581172,2.7581172,242,206.96931
454,505,1,440,0,8.6602545,3.178208,3.178208,36,274.81802
454,506,1,441,0,8.6602545,3.1650863,3.1650863,309,272.55344
452,507,1,442,0,8.6602545,3.2719398,3.2719398,-1,291.26688
452,508,1,443,0,8.6602545,3.1305215,3.1305215,-1,266.63303
452,509,1,444,0,8.6602545,3.6045303,3.6045303,53,353.4906
452,510,1,445,0,8.6602545,3.5744395,3.5744395,232,347.61337
452,511,1,446,0,8.6602545,3.7417712,3.7417712,197,380.92108
452,512,1,447,0,8.6602545,3.672618,3.672618,313,366.97125
452,513,1,448,0,8.6602545,3.4332333,3.4332333,349,320.69128
75,514,1,449,0,8.6602545,3.6156425,3.6156425,-1,355.67352
514,515,1,449,1,8.6602545,3.8984046,3.8984046,-1,413.4799
75,516,1,450,0,8.6602545,3.4951866,3.4951866,386,332.3696
75,517,1,451,0,8.6602545,3.5133429,3.5133429,-1,335.83163
75,518,1,452,0,8.6602545,2.898408,2.898408,276,228.55965
75,519,1,453,0,8.6602545,3.056944,3.056944,-1,254.24678
75,520,1,454,0,8.6602545,3.1281471,3.1281471,-1,266.2287
75,521,1,455,0,8.6602545,3.0153751,3.0153751,84,247.37924
515,522,1,456,0,8.6602545,3.2407565,3.2407565,380,285.74152
522,523,1,456,1,8.6602545,2.6797924,2.6797924,-1,195.38123
515,524,1,457,0,8.6602545,3.3015895,3.3015895,-1,296.56964
524,525,1,457,1,8.6602545,3.2754817,3.2754817,308,291.89786
515,526,1,458,0,8.6602545,3.4165444,3.4165444,-1,317.58112
526,527,1,458,1,8.6602545,2.8047743,2.8047743,-1,214.03085
515,528,1,459,0,8.6602545,3.536487,3.536487,-1,340.27078
528,529,1,459,1,8.6602545,3.1426022,3.1426022,-1,268.69485
515,530,1,460,0,8.6602545,3.6286845,3.6286845,-1,358.24405
530,531,1,460,1,8.6602545,3.6618996,3.6618996,-1,364.83243
515,532,1,461,0,8.6602545,3.7056952,3.7056952,-1,373.61124
532,533,1,461,1,8.6602545,3.7696815,3.7696815,-1,386.6249
515,534,1,462,0,8.6602545,3.824172,3.824172,-1,397.883
534,535,1,462,1,8.6602545,3.6480072,3.6480072,-1,362.06946
535,536,1,463,0,8.6602545,3.5986233,3.5986233,-1,352.33298
535,537,1,464,0,8.6602545,3.4362297,3.4362297,-1,321.2513
535,538,1,465,0,8.6602545,3.3462467,3.3462467,306,304.64667
535,539,1,466,0,8.6602545,2.9904106,2.9904106,-1,243.30005
535,540,1,467,0,8.6602545,3.4351199,3.4351199,-1,321.04385
535,541,1,468,0,8.6602545,3.7222395,3.7222395,126,376.9547
535,542,1,469,0,8.6602545,3.5939994,3.5939994,-1,351.42816
533,543,1,470,0,8.6602545,3.241847,3.241847,-1,285.93387
533,544,1,471,0,8.6602545,3.640011,3.640011,-1,360.48395
533,545,1,472,0,8.6602545,3.876287,3.876287,394,408.8014
533,546,1,473,0,8.6602545,3.749124,3.749124,-1,382.41962
533,547,1,474,0,8.6602545,3.6878011,3.6878011,265,370.01175
533,548,1,475,0,8.6602545,3.9375463,3.9375463,-1,421.8246
533,549,1,476,0,8.6602545,3.9392843,3.9392843,-1,422.19702
531,550,1,477,0,8.6602545,3.600016,3.600016,-1,352.6058
531,551,1,478,0,8.6602545,3.410016,3.410016,375,316.3686
531,552,1,479,0,8.6602545,3.9159567,3.9159567,-1,417.21152
531,553,1,480,0,8.6602545,3.3594508,3.3594508,-1,307.05563
531,554,1,481,0,8.6602545,3.2016072,3.2016072,116,278.87955
531,555,1,482,0,8.6602545,3.4341946,3.4341946,-1,320.8709
531,556,1,483,0,8.6602545,3.5666857,3.5666857,401,346.10687
529,557,1,484,0,8.6602545,3.3709397,3.3709397,133,309.15942
529,558,1,485,0,8.6602545,3.23352,3.23352,-1,284.46686
529,559,1,486,0,8.6602545,3.44144,3.44144,-1,322.2263
529,560,1,487,0,8.6602545,3.324245,3.324245,352,300.65372
529,561,1,488,0,8.6602545,3.1835442,3.1835442,27,275.7416
529,562,1,489,0,8.6602545,3.3901138,3.3901138,57,312.6865
529,563,1,490,0,8.6602545,2.971241,2.971241,255,240.19073
527,564,1,491,0,8.6602545,2.8212676,2.8212676,161,216.55544
527,565,1,492,0,8.6602545,2.709278,2.709278,47,199.70445
527,566,1,493,0,8.6602545,3.1365967,3.1365967,293,267.66888
527,567,1,494,0,8.6602545,2.6529984,2.6529984,34,191.49371
527,568,1,495,0,8.6602545,3.174831,3.174831,-1,274.23428
527,569,1,496,0,8.6602545,3.0410018,3.0410018,-1,251.60188
527,570,1,497,0,8.6602545,2.5890858,2.5890858,325,182.3784
525,571,1,498,0,8.6602545,3.7638335,3.7638335,-1,385.4263
525,572,1,499,0,8.6602545,3.7091827,3.7091827,332,374.31482
525,573,1,500,0,8.6602545,3.5384216,3.5384216,-1,340.6432
525,574,1,501,0,8.6602545,3.864974,3.864974,134,406.41873
525,575,1,502,0,8.6602545,3.1849308,3.1849308,320,275.98187
525,576,1,503,0,8.6602545,3.7054825,3.7054825,-1,373.56833
525,577,1,504,0,8.6602545,3.3302584,3.3302584,397,301.74243
523,578,1,505,0,8.6602545,2.9476624,2.9476624,132,236.39375
523,579,1,506,0,8.6602545,3.165212,3.165212,-1,272.57504
523,580,1,507,0,8.6602545,2.7292747,2.7292747,239,202.66327
523,581,1,508,0,8.6602545,2.7240033,2.7240033,358,201.88118
523,582,1,509,0,8.6602545,2.919506,2.919506,-1,231.89925
523,583,1,510,0,8.6602545,2.836185,2.836185,-1,218.85156
523,584,1,511,0,8.6602545,2.6512175,2.6512175,-1,191.23671
